Time;vel1;vel2;Fx;Fy;Fz;Tx;Ty;Tz
1704973091.3335466;inf;0.35955487875322756;-2.833722044430566;-3.509152816666166;-1.3574404631058603;-1.2809444272633275;0.8127162469878556
1704973091.3352473;inf;0.35777887935211855;-2.8396730424238092;-3.518277813589094;-1.371062505515287;-1.2773617513695186;0.8116926253039102
1704973091.3374083;inf;0.3616638780420444;-2.8308800453889265;-3.5179888136865487;-1.3761412438702467;-1.2781491526648614;0.8128737272469241
1704973091.337984;inf;0.35960087873771573;-2.838527042810256;-3.5119608157192714;-1.3673223493624096;-1.2757082086492992;0.8106690036199647
1704973091.3393977;inf;0.36350087742258336;-2.8386510427684417;-3.5086718168283664;-1.3726766781707394;-1.2755113583254636;0.8139367189956366
1704973091.339981;inf;0.35957987874479724;-2.831546045164343;-3.515335814581176;-1.36224361100745;-1.279920805579382;0.8170075840474728
1704973091.3407059;inf;0.35966687871545966;-2.8319320450341783;-3.5117778157809814;-1.3729522686241094;-1.2757082086492992;0.8139367189956366
1704973091.3412719;inf;0.36340487745495587;-2.8410050419746407;-3.4959628211140115;-1.3697239233132046;-1.2713381314601477;0.8064957767546491
1704973091.341945;inf;0.36273387768122606;-2.8359080436934176;-3.512031815695329;-1.3365349587145143;-1.267401124983435;0.7923225534384825
1704973091.3429203;inf;0.3577198793720142;-2.8333340445614055;-3.4957658211804428;-1.3751569922510685;-1.2700389193228325;0.805550895200238
1704973091.3434439;inf;0.3540778806001455;-2.8376000431228525;-3.505609817860914;-1.3742514807614243;-1.2784641131829984;0.8064564066898819
1704973091.3441978;inf;0.3633598774701305;-2.836418043521439;-3.4991638200345916;-1.3669286487147383;-1.2724011232088603;0.808621760252074
1704973091.3446927;inf;0.38139487138848643;-2.83293404469629;-3.521887812371754;-1.3127160695304008;-1.2688184473150517;0.8059445958479093
1704973091.3457692;inf;0.35780587934301383;-2.839810042377611;-3.511849815756702;-1.374684551473863;-1.2752751379368608;0.8117713654334444
1704973091.3471088;inf;0.363530877412467;-2.838607042783279;-3.5150178146884095;-1.372597938041205;-1.2775979717581214;0.8138579788661023
1704973091.3483267;inf;0.35972787869488965;-2.8363460435457184;-3.5370258072670167;-1.3772436056837263;-1.2777948220819573;0.8180705757961851
1704973091.3491988;inf;0.3694128754289776;-2.839645042433251;-3.521422812528558;-1.3744877011500274;-1.2840152923151635;0.8180705757961851
1704973091.349872;inf;0.3616338780521609;-2.8306950454513116;-3.5244698115010684;-1.3725191979116707;-1.2802751361622864;0.8159839623635273
1704973091.350595;inf;0.35937187881493765;-2.834031044326367;-3.5306428094194504;-1.366141247419396;-1.269605848610394;0.8127556170526227
1704973091.3535433;inf;0.3692568754815829;-2.8328880447118023;-3.5244668115020805;-1.3694089627950674;-1.281968048947273;0.8148816005500477
1704973091.3542738;inf;0.36171287802552105;-2.837658043103294;-3.518007813680142;-1.3776373063313976;-1.2781097826000942;0.8096453819360194
1704973091.3548732;inf;0.3500098819719297;-2.830864045394322;-3.502332818965962;-1.3711018755800541;-1.2704719900352708;0.8097241220655538
1704973091.3554773;inf;0.3576908793817934;-2.84176904171701;-3.515286814597699;-1.3662593576136972;-1.2763774997503405;0.813779238736568
1704973091.3561304;inf;0.3635188774165135;-2.8316630451248885;-3.5152288146172577;-1.3639365237924364;-1.2837790719265607;0.8105902634904306
1704973091.356697;inf;0.36538687678659887;-2.8374640431687137;-3.514994814696166;-1.3687396716940263;-1.2779916724057927;0.8095666418064852
1704973091.3577008;inf;0.3652988768162737;-2.8375260431478067;-3.511735815795144;-1.3688184118235607;-1.273857815605244;0.8096453819360194
1704973091.358276;inf;0.36366187736829203;-2.83856804279643;-3.521408812533279;-1.3742908508261915;-1.2827160801778483;0.8138186088013352
1704973091.3590395;inf;0.3559378799729285;-2.836151043611475;-3.5153578145737576;-1.3685821914349579;-1.2821255292063414;0.8148816005500477
1704973091.3609126;inf;0.36351687741718797;-2.8410200419695824;-3.5116828158130167;-1.3766924247769865;-1.2734247448928058;0.8128737272469241
1704973091.3615742;inf;0.3635658774006645;-2.8408140420390486;-3.5056948178322505;-1.3678341602043824;-1.2806294667451905;0.8063776665603477
1704973091.3621256;inf;0.367480876080474;-2.8343480442194706;-3.5021988190111486;-1.3751963623158356;-1.2803538762918205;0.8065351468194162
1704973091.362849;inf;0.35800587927557115;-2.826362046912457;-3.4961648210458947;-1.3718105367458624;-1.2854326146467803;0.8054721550707037
1704973091.3635612;inf;0.36677087631989547;-2.8272210466227907;-3.495981821107604;-1.3525192050099688;-1.2661412829108867;0.8096847520007865
1704973091.364279;inf;0.365540876734668;-2.8329020447070814;-3.4994488199384852;-1.3661018773546287;-1.2851570241934103;0.8085823901873069
1704973091.3650377;inf;0.36361487738414106;-2.8316330451350047;-3.496490820935963;-1.3623617212017514;-1.286849936978397;0.8106690036199647
1704973091.3657124;inf;0.3615788780707076;-2.833024044665941;-3.5149458147126893;-1.371338095968657;-1.277125530980916;0.8117713654334444
1704973091.3664348;inf;0.3613908781341037;-2.83286204472057;-3.505631817853495;-1.3625585715255868;-1.274133406058614;0.8117713654334444
1704973091.369471;inf;0.36341187745259534;-2.8317770450864463;-3.5212998125700348;-1.3692514825359992;-1.2766137201389431;0.8170469541122398
1704973091.3703823;inf;0.3653658767936804;-2.8307010454492882;-3.524378811531755;-1.37074754499715;-1.2780310424705599;0.8159839623635273
1704973091.371221;inf;0.3634688774333742;-2.831760045092179;-3.518212813611013;-1.369290852600766;-1.278660963506834;0.8170469541122398
1704973091.371971;inf;0.36739087611082316;-2.833793044406624;-3.521641812454708;-1.3643302244401079;-1.2867318267840955;0.8158658521692259
1704973091.372631;inf;0.36558387672016784;-2.8419480416566487;-3.527690810414904;-1.371338095968657;-1.2851570241934103;0.8041335728686213
1704973091.373348;inf;0.35961487873299475;-2.836114043623952;-3.5152958145946642;-1.363227862626628;-1.279881435514615;0.8116532552391431
1704973091.3741736;inf;0.3655028767474821;-2.839730042404588;-3.5150458146789676;-1.3710231354505198;-1.2810625374576288;0.8085036500577727
1704973091.3750207;inf;0.36539887678255234;-2.8308260454071363;-3.5148408147480965;-1.3708262851266841;-1.2779523023410255;0.8096453819360194
1704973091.3757362;inf;0.3596098787346808;-2.8319490450284452;-3.5148648147400037;-1.372912898559342;-1.2736609652814086;0.8139367189956366
1704973091.376458;inf;0.37099887489415717;-2.8272770466039066;-3.5180608136622693;-1.3610625090644362;-1.2802751361622864;0.8063382964955805
1704973091.3773835;inf;0.36350187742224616;-2.831993045013608;-3.5116788158143653;-1.372912898559342;-1.2764956099446418;0.8107477437494991
1704973091.3780513;inf;0.36746387608620656;-2.833893044372903;-3.5152878145973623;-1.3661806174841629;-1.2876767083385066;0.8127162469878556
1704973091.3787892;inf;0.3711138748553776;-2.8404860421496543;-3.521651812451336;-1.360471958092929;-1.2844877330923692;0.8125981367935541
1704973091.3794794;inf;0.3655158767430983;-2.8306110454796376;-3.521440812522488;-1.3671648691033411;-1.2862200159421229;0.8095272717417181
1704973091.3801525;inf;0.367433876096323;-2.8340470443209718;-3.5119468157239924;-1.3698026634427387;-1.2835428515379579;0.8127949871173897
1704973091.3807738;inf;0.3671628761877078;-2.8340910443061342;-3.5211628126162333;-1.3679522703986837;-1.2743302563824497;0.8127949871173897
1704973091.3814344;inf;0.3559538799675331;-2.831994045013271;-3.486706824235259;-1.3696451831836705;-1.2788578138306697;0.8044485333867584
1704973091.382211;inf;0.3800018718582247;-2.8322210449367238;-3.5028508187912855;-1.3286215756963213;-1.277440491499053;0.8018894791768949
1704973091.3831952;inf;0.3667138763391166;-2.8271290466538144;-3.496063821079953;-1.3489758991809273;-1.2661806529756539;0.8096453819360194
1704973091.3839588;inf;0.3757448732937422;-2.840605042109526;-3.519127813302463;-1.3091727637013593;-1.2727160837269973;0.8037005021561829
1704973091.384639;inf;0.3705658750401705;-2.8271860466345933;-3.5085308168759135;-1.3505507017716125;-1.2680310460197088;0.8063776665603477
1704973091.3853967;inf;0.36728987614488173;-2.8339080443678446;-3.5057648178086454;-1.3627554218494227;-1.2815349782348342;0.8127949871173897
1704973091.3860514;inf;0.36737887611486975;-2.8272970465971623;-3.51503581468234;-1.3664562079375329;-1.2845664732219033;0.8096060118712524
1704973091.3867106;inf;0.36538287678794773;-2.8374160431849;-3.5150478146782933;-1.3687790417587933;-1.2780310424705599;0.8127949871173897
1704973091.3873672;inf;0.3615718780730681;-2.8373380432112025;-3.5246008114568936;-1.3668892786499713;-1.2802751361622864;0.8094879016769508
1704973091.3880718;inf;0.36375187733794284;-2.827220046623128;-3.512115815667003;-1.3718892768753965;-1.2888971803462876;0.8192123076744319
1704973091.3887541;inf;0.3633738774654095;-2.840530042134817;-3.5341608082331333;-1.3657869168364918;-1.2777160819524227;0.8190154573505962
1704973091.389503;inf;0.35963887872490163;-2.827341046582325;-3.5275438104644747;-1.3717711666810952;-1.2777948220819573;0.8159839623635273
1704973091.390228;inf;0.36546987675861015;-2.839497042483159;-3.5215798124756152;-1.367401089491944;-1.2831885209550538;0.8148028604205134
1704973091.3910503;inf;0.36511987687663483;-2.8374360431781556;-3.539989806267516;-1.3667317983909029;-1.2708656906829423;0.8094879016769508
1704973091.391625;inf;0.3596818787104014;-2.838477042827116;-3.5183308135712217;-1.3708262851266841;-1.2778341921467242;0.8170469541122398
1704973091.3921666;inf;0.36172787802046275;-2.83287304471686;-3.5308968093337976;-1.371141245644821;-1.285393244582013;0.8116138851743759
1704973091.3927348;inf;0.36358387739459463;-2.8408090420407346;-3.5182598135951637;-1.3694483328598346;-1.2816530884291357;0.8063382964955805
1704973091.3934422;inf;0.363633877377734;-2.8294740458630487;-3.5246188114508237;-1.368660931564492;-1.286849936978397;0.8116532552391431
1704973091.3941486;inf;0.36532187680851774;-2.8262830469390967;-3.511695815808633;-1.368070380592985;-1.2769680507218473;0.8118107354982116
1704973091.3947163;inf;0.35956887874850657;-2.8340080443341233;-3.5119488157233176;-1.3663380977432313;-1.2757475787140664;0.8127949871173897
1704973091.3954332;inf;0.36547087675827294;-2.8352110439284552;-3.5150328146833516;-1.3700388838313415;-1.2810625374576288;0.8106690036199647
1704973091.3961525;inf;0.3633448774751887;-2.8294140458832815;-3.5182648135934778;-1.361653060035943;-1.278660963506834;0.8116926253039102
1704973091.3968685;inf;0.3616488780471026;-2.8329670446851627;-3.5056398178507977;-1.3696451831836705;-1.2802357660975192;0.8117713654334444
1704973091.3974319;inf;0.3691408755206997;-2.824085047680292;-3.5115908158440403;-1.3675585697510124;-1.2777554520171899;0.8096847520007865
1704973091.3979955;inf;0.3654398767687265;-2.828658046138215;-3.5147518147781085;-1.3738577801137533;-1.2779523023410255;0.8107477437494991
1704973091.3985653;inf;0.35786087932446714;-2.835120043959142;-3.5120908156754336;-1.3701176239608759;-1.2814562381053;0.8138579788661023
1704973091.3990426;inf;0.3654718767579357;-2.83058704548773;-3.5183088135786407;-1.3654325862535874;-1.2851963942581774;0.8095272717417181
1704973091.3996;inf;0.3652798768226807;-2.8329660446854996;-3.505503817896658;-1.3661018773546287;-1.2749208073539566;0.8118107354982116
1704973091.400169;inf;0.36707987621569654;-2.8294680458650725;-3.5181208136420365;-1.359842037056655;-1.2764168698151077;0.8084642799930055
1704973091.4009087;inf;0.3575538794279916;-2.8241810476479197;-3.492690822217374;-1.3678735302691496;-1.2690546677036543;0.8098422322598551
1704973091.401635;inf;0.3710688748705522;-2.829700045786839;-3.5022058190087884;-1.365314476059286;-1.2781491526648614;0.8054327850059366
1704973091.4024012;inf;0.36545387676400554;-2.8330730446494177;-3.499194820024138;-1.3696845532484374;-1.278975924024971;0.808621760252074
1704973091.4030437;inf;0.3676128760359618;-2.8385470428035116;-3.4932418220315693;-1.3673617194271768;-1.289645211576863;0.8042910531276898
1704973091.4035668;inf;0.367194876176917;-2.836479043500869;-3.4990648200679755;-1.3668892786499713;-1.27322789456897;0.8054327850059366
1704973091.404134;inf;0.3675938760423688;-2.831615045141075;-3.4965638209113465;-1.3622829810722172;-1.293818438442179;0.8074406583090601
1704973091.4048765;inf;0.3653538767977269;-2.8306940454516485;-3.5087038168175755;-1.3655506964478887;-1.2790152940897381;0.8096060118712524
1704973091.4055839;inf;0.36535987679570364;-2.835076043973979;-3.5151448146455837;-1.3629129021084914;-1.281101907522396;0.807401288244293
1704973091.4061532;inf;0.3672328761641029;-2.8340340443253558;-3.5118568157543413;-1.3662593576136972;-1.2774011214342857;0.8127949871173897
1704973091.4067793;inf;0.3652158768442624;-2.8352630439109205;-3.517977813690258;-1.3664562079375329;-1.2728341939212986;0.8074406583090601
1704973091.4075027;inf;0.3539848806315063;-2.8373350432122137;-3.515282814599048;-1.3706294348028487;-1.2786215934420668;0.8159839623635273
1704973091.4081707;inf;0.35985687865138916;-2.833850044387403;-3.5122928156073163;-1.3662593576136972;-1.2880704089861779;0.8127162469878556
1704973091.4087496;inf;0.36928687547146655;-2.8352160439267693;-3.5212588125838606;-1.3717317966163283;-1.2809050571985605;0.8138579788661023
1704973091.4094818;inf;0.361637878050812;-2.830743045435125;-3.524416811518941;-1.3725191979116707;-1.2802357660975192;0.8127949871173897
1704973091.410038;inf;0.3654788767555752;-2.8329190447013484;-3.5244838114963475;-1.3729916386888765;-1.281101907522396;0.8181099458609523
1704973091.4107323;inf;0.35993787862407484;-2.829297045922736;-3.5061058176936557;-1.365314476059286;-1.2922042657867265;0.8148816005500477
1704973091.411505;inf;0.36538287678794773;-2.8284460462097045;-3.5306658094116945;-1.3701569940256428;-1.2800782858384505;0.8138186088013352
1704973091.4120214;inf;0.35918987887631043;-2.833731044427531;-3.5152158146216417;-1.3556688101913394;-1.2676767154368047;0.8191335675448976
1704973091.4125693;inf;0.3617178780238349;-2.8418230416988;-3.518438813534803;-1.3679129003339165;-1.2843302528333005;0.807361918179526
1704973091.4131303;inf;0.3635148774178624;-2.8362380435821373;-3.5120068157037596;-1.3685428213701907;-1.2796845851907792;0.8149209706148148
1704973091.4136999;inf;0.36551287674411;-2.8396410424346;-3.508879816758226;-1.369290852600766;-1.2821255292063414;0.8117319953686772
1704973091.4144294;inf;0.3653798767889594;-2.8373670432014233;-3.515100814660421;-1.3687790417587933;-1.2780310424705599;0.8159839623635273
1704973091.4149868;inf;0.3654928767508543;-2.841853041688684;-3.521480812508999;-1.3678735302691496;-1.2831491508902866;0.807361918179526
1704973091.4156055;inf;0.3617238780218116;-2.8394340425044033;-3.506047817713214;-1.364015263921971;-1.2864562363307257;0.8116532552391431
1704973091.4161577;inf;0.3655178767424239;-2.835174043940932;-3.515106814658398;-1.3682278608520537;-1.284133402509465;0.8074406583090601
1704973091.416727;inf;0.36539387678423835;-2.8331500446234523;-3.5053398179519615;-1.3732278590774791;-1.2748814372891895;0.8118501055629788
1704973091.4173439;inf;0.3615088780943125;-2.832864044719895;-3.5182418136012337;-1.3659837671603272;-1.2782278927943955;0.8116926253039102
1704973091.4179423;inf;0.36522687684055305;-2.832911044704046;-3.52436981153479;-1.365905027030793;-1.2749601774187236;0.8116926253039102
1704973091.4186525;inf;0.35973087869387804;-2.8341430442885995;-3.5306948094019153;-1.3749995119919998;-1.2787790737011353;0.8127556170526227
1704973091.4193213;inf;0.35998987860653975;-2.8384850428244186;-3.515354814574769;-1.3725585679764378;-1.2890546606053561;0.8105902634904306
1704973091.419947;inf;0.3635328774117926;-2.8319490450284452;-3.5180248136744092;-1.3728341584298078;-1.2785822233772997;0.8107083736847319
1704973091.4206064;inf;0.35966587871579686;-2.834305044233971;-3.502223819002718;-1.375314472510137;-1.2725586034679288;0.8129524673764583
1704973091.4212093;inf;0.36355487740437387;-2.8320490449947244;-3.4928128221762336;-1.3731097488831778;-1.2764562398798747;0.8108658539438004
1704973091.4219;inf;0.3655018767478193;-2.8396330424372977;-3.4932038220443835;-1.364094004051505;-1.2831097808255196;0.8053540448764023
1704973091.422632;inf;0.35777387935380467;-2.828645046142599;-3.4960068210991744;-1.3705900647380815;-1.2762200194912718;0.8076375086328959
1704973091.423316;inf;0.3577138793740375;-2.8306520454658113;-3.518249813598536;-1.3637003034038337;-1.2803932463565877;0.8031493212494432
1704973091.4240203;inf;0.36358787739324583;-2.8341950442710644;-3.502379818950113;-1.371692426551561;-1.279566474996478;0.8096847520007865
1704973091.4245794;inf;0.359772878679715;-2.8386930427542785;-3.508709816815552;-1.3744483310852602;-1.2777160819524227;0.8107083736847319
1704973091.4251473;inf;0.359941878622726;-2.8384250428446514;-3.493438821965138;-1.3674404595567111;-1.2880310389214107;0.8106690036199647
1704973091.4257195;inf;0.3597568786851104;-2.83395304435267;-3.515252814609165;-1.3680310105282179;-1.2829129305016838;0.8127556170526227
1704973091.4261432;inf;0.37957387200255205;-2.8404600421584223;-3.5161298143134285;-1.3056294578723178;-1.275668838584532;0.8068894774023203
1704973091.4267626;inf;0.3741518738309232;-2.8331480446241266;-3.5407338060166293;-1.328542835566787;-1.276298759620806;0.8059052257831422
1704973091.427421;inf;0.3597718786800522;-2.8429790413089817;-3.515256814607816;-1.3718105367458624;-1.279842065449848;0.8148816005500477
1704973091.428164;inf;0.35582688001035917;-2.838376042861175;-3.524751811405974;-1.3672042391681083;-1.279054664154505;0.8137398686718009
1704973091.4287186;inf;0.36360287738818764;-2.8339130443661587;-3.5278238103700548;-1.3696451831836705;-1.2848420636752733;0.815905222233993
1704973091.429321;inf;0.35776087935818845;-2.832850044724616;-3.5246048114555446;-1.369487702924602;-1.2794483648021764;0.8148816005500477
1704973091.4300022;inf;0.35956887874850657;-2.838620042778895;-3.5275098104759395;-1.3742908508261915;-1.271653091978285;0.8170469541122398
1704973091.4307125;inf;0.35773387936729323;-2.8350860439706067;-3.521478812509674;-1.368267230916821;-1.278424743118231;0.8138186088013352
1704973091.4312763;inf;0.36344587744113016;-2.8452540405418207;-3.5245308114804983;-1.3722436074583009;-1.2745664767710523;0.8170075840474728
1704973091.4318817;inf;0.3539008806598323;-2.837216043252343;-3.5247988113901254;-1.3669680187795055;-1.278660963506834;0.815905222233993
1704973091.432532;inf;0.3559408799719169;-2.83834204287264;-3.51857781348793;-1.3672436092328755;-1.2831491508902866;0.813779238736568
1704973091.4332614;inf;0.3597538786861221;-2.8317620450915046;-3.512031815695329;-1.3693695927303005;-1.2818893088177385;0.8138579788661023
1704973091.4339576;inf;0.36151087809363813;-2.8397880423850297;-3.521191812606454;-1.3727947883650407;-1.2730310442451345;0.8117319953686772
1704973091.4346206;inf;0.3596968787053432;-2.831779045085772;-3.5151188146543513;-1.3693302226655333;-1.279842065449848;0.8138579788661023
1704973091.4353228;inf;0.35962887872827376;-2.836291043564265;-3.5150868146651417;-1.3685428213701907;-1.2767712003980118;0.8117319953686772
1704973091.4359646;inf;0.3578088793420022;-2.83951904247574;-3.521618812462464;-1.3674404595567111;-1.2814956081700672;0.8116138851743759
1704973091.4366696;inf;0.3597968786716219;-2.8341580442835412;-3.505609817860914;-1.373503449530849;-1.2798026953850805;0.8128737272469241
1704973091.4373963;inf;0.36343187744585115;-2.8318330450675626;-3.51497481470291;-1.3675191996862455;-1.2775586016933542;0.8106690036199647
1704973091.4380531;inf;0.3633448774751887;-2.832004045009899;-3.5147208147885625;-1.3711018755800541;-1.271377501524915;0.8107477437494991
1704973091.4386094;inf;0.3596968787053432;-2.8342600442491457;-3.508569816862762;-1.3752357323806028;-1.2746452169005866;0.8129130973116911
1704973091.4391708;inf;0.3618258779874159;-2.8376240431147597;-3.511833815762097;-1.3776766763961648;-1.2822042693358755;0.8096453819360194
1704973091.4397314;inf;0.3614918781000451;-2.833086044645034;-3.5116868158116676;-1.371416836098191;-1.2730310442451345;0.8118107354982116
1704973091.4404652;inf;0.36721987616848667;-2.8340740443118673;-3.518075813657211;-1.367991640463451;-1.2763774997503405;0.8127949871173897
1704973091.441177;inf;0.35591487998068444;-2.8320070450088872;-3.5023588189571946;-1.3712593558391228;-1.2778735622114914;0.8043697932572241
1704973091.4418774;inf;0.37759187267090905;-2.8353700438748386;-3.5028948187764484;-1.3152357536754973;-1.2648027007088043;0.8018107390473607
1704973091.4426734;inf;0.36666287635631456;-2.8397170424089717;-3.525447811171274;-1.3248814195434442;-1.2818105686882042;0.8026768804722375
1704973091.4433537;inf;0.3629268776161439;-2.8338470443884147;-3.4961818210401616;-1.3505113317068453;-1.2653538816155443;0.8096060118712524
1704973091.4439106;inf;0.35389288066252994;-2.837486043161295;-3.496242821019592;-1.3654719563183546;-1.2754326181959295;0.8032674314437445
1704973091.4444993;inf;0.35957887874513444;-2.8342580442498195;-3.4959598211150236;-1.3718499068106296;-1.2705507301648054;0.8129918374412255
1704973091.4450488;inf;0.35954387875693694;-2.8383260428780357;-3.5090388167046087;-1.3602357377043264;-1.2778341921467242;0.8105902634904306
1704973091.445771;inf;0.3634638774350603;-2.836352043543695;-3.514987814698526;-1.3685034513054237;-1.2775586016933542;0.8085036500577727
1704973091.4463162;inf;0.35772887936897924;-2.837640043109364;-3.499150820038975;-1.374369590955726;-1.271141281136312;0.8129524673764583
1704973091.4469073;inf;0.35587987999248694;-2.840792042046467;-3.5151688146374904;-1.3731491189479448;-1.2759444290379018;0.8159839623635273
1704973091.4474785;inf;0.3634278774472;-2.8364090435244735;-3.5117528157894116;-1.3721254972639996;-1.2734641149575727;0.8149997107443491
1704973091.4480534;inf;0.3614518781135337;-2.835241043918339;-3.5306118094299035;-1.371692426551561;-1.2730704143099016;0.8138186088013352
1704973091.4486687;inf;0.35785587932615315;-2.8328680447185466;-3.527759810391636;-1.3748026616681643;-1.2804719864861218;0.8212989211070899
1704973091.4492416;inf;0.3598648786486914;-2.8340390443236694;-3.51519381462906;-1.3751569922510685;-1.2829129305016838;0.8192123076744319
1704973091.4497926;inf;0.3577668793561652;-2.83733704321154;-3.5152158146216417;-1.3724010877173694;-1.2764168698151077;0.8224012829205695
1704973091.4503624;inf;0.36359887738953645;-2.8384880428234074;-3.5246018114565563;-1.3742514807614243;-1.2807082068747246;0.8201965592936101
1704973091.4511309;inf;0.36354787740673433;-2.8386020427849648;-3.527582810451323;-1.3742121106966574;-1.2786215934420668;0.8138186088013352
1704973091.4518263;inf;0.3539548806416227;-2.837150043274599;-3.521763812413568;-1.3670073888442726;-1.2807082068747246;0.8190941974801306
1704973091.452567;inf;0.3615648780754286;-2.8374710431663535;-3.5118798157465854;-1.3706294348028487;-1.2761412793617377;0.812834357182157
1704973091.4533956;inf;0.3597288786945524;-2.8361890435986608;-3.5121268156632937;-1.366810538520437;-1.2818893088177385;0.8116926253039102
1704973091.454119;inf;0.3577128793743747;-2.8353800438714667;-3.4991448200409985;-1.3738577801137533;-1.271141281136312;0.8140154591251708
1704973091.4547994;inf;0.3616088780605912;-2.835013043995224;-3.5215598124823595;-1.366416837872766;-1.2823617495949442;0.813779238736568
1704973091.4555037;inf;0.35396788063723894;-2.8375570431373527;-3.508727816809482;-1.3760625037407124;-1.2734247448928058;0.8161020725578287
1704973091.4560568;inf;0.35978687867499404;-2.8364980434944616;-3.5180548136642926;-1.3774010859427948;-1.2777160819524227;0.8117713654334444
1704973091.4566274;inf;0.3576858793834794;-2.835244043917327;-3.5055728178733907;-1.3702357341551774;-1.27322789456897;0.8139367189956366
1704973091.4573503;inf;0.3671498761920916;-2.8318800450517134;-3.521102812636466;-1.3674404595567111;-1.2743302563824497;0.8106690036199647
1704973091.4579434;inf;0.35965387871984345;-2.8318640450571086;-3.5149918146971775;-1.371141245644821;-1.2767318303332447;0.8138973489308695
1704973091.4584923;inf;0.3598708786466681;-2.8340270443277165;-3.512082815678131;-1.371613686422027;-1.2849601738695746;0.8127949871173897
1704973091.4590645;inf;0.3617518780123697;-2.8371980432584123;-3.509173816659085;-1.365275105994519;-1.2874798580146711;0.8127162469878556
1704973091.4597714;inf;0.355780880025871;-2.8362700435713464;-3.5214048125346276;-1.3703144742847115;-1.2749208073539566;0.8149209706148148
1704973091.4603379;inf;0.3559098799823705;-2.8406380420983983;-3.518509813510861;-1.369566443054136;-1.2800782858384505;0.815905222233993
1704973091.4610555;inf;0.36348787742696714;-2.831707045110051;-3.508882816757214;-1.364015263921971;-1.281692458493903;0.8106690036199647
1704973091.46164;inf;0.3673988761081255;-2.8386840427573135;-3.502375818951462;-1.3690940022769305;-1.2803932463565877;0.8042910531276898
1704973091.4622083;inf;0.3652288768398786;-2.8350050439979215;-3.505748817814041;-1.357676683494463;-1.2780310424705599;0.807401288244293
1704973091.4627736;inf;0.35326888087295116;-2.8327790447485586;-3.4867368242251424;-1.3486609386627901;-1.260157033066283;0.8054327850059366
1704973091.4633913;inf;0.36143387811960354;-2.8352580439126065;-3.4992098200190798;-1.3666924283261355;-1.272007422561189;0.8107477437494991
1704973091.46403;inf;0.3669008762760577;-2.8294470458721537;-3.4898148231871997;-1.3530703859167088;-1.2702357696466682;0.808621760252074
1704973091.4645941;inf;0.36176287800866036;-2.8330410446602086;-3.5024708189194267;-1.3732278590774791;-1.2822436394006427;0.8118107354982116
1704973091.46524;inf;0.36546787675928455;-2.832911044704046;-3.508807816782505;-1.3677947901396152;-1.2820861591415742;0.8117319953686772
1704973091.4657955;inf;0.36157587807171926;-2.8332050446049055;-3.502171819020253;-1.3750782521215343;-1.2729916741803673;0.8118894756277458
1704973091.4665134;inf;0.3635188774165135;-2.8316630451248885;-3.5152288146172577;-1.3639365237924364;-1.2837790719265607;0.8105902634904306
1704973091.4672208;inf;0.3597708786803895;-2.834239044256227;-3.518047813666653;-1.3769286451655893;-1.2777160819524227;0.8128737272469241
1704973091.4679446;inf;0.3577038793774096;-2.834901044032992;-3.5279598103241936;-1.364645184958245;-1.2805507266156562;0.8169288439179384
1704973091.468676;inf;0.35980787866791253;-2.8341650442811805;-3.521285812574756;-1.378660928015343;-1.2787790737011353;0.819251677739199
1704973091.4693966;inf;0.36150687809498694;-2.828300046258937;-3.524574811465661;-1.3649207754116146;-1.2803145062270533;0.813779238736568
1704973091.4700832;inf;0.36348887742662994;-2.8364280435180667;-3.5274498104961727;-1.3755113228339726;-1.2755113583254636;0.8149209706148148
1704973091.4706106;inf;0.3595468787559253;-2.8340160443314253;-3.540165806208167;-1.369566443054136;-1.2757475787140664;0.8126768769230884
1704973091.4712029;inf;0.36358387739459463;-2.8319440450301316;-3.518048813666316;-1.3764168343236167;-1.2785822233772997;0.8171256942417741
1704973091.4719462;inf;0.36174887801338135;-2.835007043997247;-3.5059528177452495;-1.3665743181318342;-1.2864168662659585;0.8138186088013352
1704973091.4726152;inf;0.363469877433037;-2.827474046537476;-3.5116658158187493;-1.371928646940164;-1.276534980009409;0.8129130973116911
1704973091.4733496;inf;0.3635758773972924;-2.8338970443715543;-3.5184208135408728;-1.3661806174841629;-1.2848026936105061;0.8127162469878556
1704973091.4740543;inf;0.36549487675017983;-2.8330480446578483;-3.502379818950113;-1.3714562061629583;-1.2799995457089164;0.8118107354982116
1704973091.4747825;inf;0.36548487675355196;-2.8327980447421512;-3.518367813558745;-1.365905027030793;-1.2851963942581774;0.8116532552391431
1704973091.4754803;inf;0.3614668781084755;-2.83751304315219;-3.5117818157796323;-1.3688184118235607;-1.2730310442451345;0.8096453819360194
1704973091.476229;inf;0.37106587487156384;-2.8295310458438276;-3.518090813652153;-1.3651569958002177;-1.2803145062270533;0.8116926253039102
1704973091.4769485;inf;0.3595518787542392;-2.834121044296018;-3.502388818947078;-1.3682278608520537;-1.2726373435974632;0.8128737272469241
1704973091.4777198;inf;0.36168487803496296;-2.8373040432226677;-3.518426813538849;-1.3669286487147383;-1.2843696228980679;0.8094879016769508
1704973091.478215;inf;0.36314587754229416;-2.8363250435527996;-3.5211248126290475;-1.3649601454763818;-1.2673617549186675;0.8117319953686772
1704973091.4787738;inf;0.36341787745057214;-2.831765045090493;-3.518188813619106;-1.3657081767069574;-1.2786215934420668;0.8106296335551977
1704973091.4793808;inf;0.36341787745057214;-2.8316560451272488;-3.5151848146320948;-1.3621648708779157;-1.2807082068747246;0.8105902634904306
1704973091.480084;inf;0.36748887607777625;-2.8249630473842187;-3.5026358188637863;-1.3642908543753407;-1.2897239517063974;0.8106690036199647
1704973091.4806428;inf;0.36344187744247897;-2.8297100457834667;-3.508540816872541;-1.3706688048676157;-1.2755113583254636;0.8118501055629788
1704973091.4813786;inf;0.3677058760046009;-2.8296080458178623;-3.4931788220528137;-1.3707081749323828;-1.2927160766286991;0.808621760252074
1704973091.4820616;inf;0.3635138774181996;-2.8342160442639828;-3.492901822146222;-1.3700388838313415;-1.2764956099446418;0.8097634921303208
1704973091.482827;inf;0.3692628754795596;-2.832997044675046;-3.505523817889914;-1.3660231372250944;-1.2818499387529714;0.8053540448764023
1704973091.4835224;inf;0.35776087935818845;-2.8264340468881777;-3.4959478211190698;-1.3700782538961087;-1.2762200194912718;0.8055115251354708
1704973091.4842422;inf;0.359744878689157;-2.840825042035339;-3.521413812531593;-1.3676373098805468;-1.2818105686882042;0.7998816058737713
1704973091.4849505;inf;0.36500187691642605;-2.8260500470176675;-3.4929868221175586;-1.3540940076006542;-1.2708656906829423;0.8118107354982116
1704973091.4857008;inf;0.3655888767184818;-2.832853044723605;-3.518359813561443;-1.3676766799453137;-1.2882672593100135;0.8084642799930055
1704973091.486254;inf;0.3655678767255633;-2.8328090447384424;-3.5058478177806567;-1.3660231372250944;-1.287243637626068;0.8117319953686772
1704973091.4870925;inf;0.3675488760575435;-2.831858045059132;-3.5213358125578953;-1.3745270712147943;-1.2866137165897942;0.8138579788661023
1704973091.4877722;inf;0.3595968787390646;-2.8293990458883402;-3.5246278114477887;-1.3651963658649846;-1.279881435514615;0.8148422304852805
1704973091.4884803;inf;0.3596828787100642;-2.834192044272076;-3.511783815778958;-1.3734247094013148;-1.275668838584532;0.8128737272469241
1704973091.4890437;inf;0.35964087872422723;-2.829423045880247;-3.527759810391636;-1.3669286487147383;-1.2809050571985605;0.8148422304852805
1704973091.489687;inf;0.3616428780491259;-2.8351260439571186;-3.530857809346949;-1.3698814035722733;-1.282322379530177;0.8105508934256633
1704973091.490335;inf;0.35972787869488965;-2.8318430450641903;-3.5244698115010684;-1.3727947883650407;-1.279842065449848;0.8138579788661023
1704973091.4909008;inf;0.3635608774023506;-2.8273400465826626;-3.5307038093988803;-1.371692426551561;-1.2827160801778483;0.8127556170526227
1704973091.4914913;inf;0.355649880070046;-2.838330042876687;-3.5341188082472965;-1.3671648691033411;-1.2729523041156001;0.820117819164076
1704973091.492179;inf;0.3651268768742743;-2.8327830447472095;-3.5401568062112014;-1.3639758938572037;-1.2739759257995455;0.8148028604205134
1704973091.4927561;inf;0.367564876052148;-2.8340080443341233;-3.518336813569199;-1.3714562061629583;-1.288700330022452;0.8127556170526227
1704973091.4933436;inf;0.36745087609059035;-2.8294300458778863;-3.508949816734621;-1.363464083015231;-1.288700330022452;0.8085036500577727
1704973091.4939005;inf;0.36539787678288954;-2.8328600447212446;-3.515108814657723;-1.3659837671603272;-1.281101907522396;0.8116926253039102
1704973091.4945395;inf;0.36153587808520776;-2.833001044673697;-3.5118138157688414;-1.3696058131189033;-1.2761412793617377;0.8117713654334444
1704973091.4952705;inf;0.3674928760764274;-2.829623045812804;-3.5181448136339433;-1.372282977523068;-1.2855900949058487;0.8117319953686772
1704973091.4959266;inf;0.3651948768513439;-2.828392046227914;-3.5243568115391737;-1.3649207754116146;-1.2749601774187236;0.8138186088013352
1704973091.4965038;inf;0.3636078773865016;-2.8362730435703347;-3.5151598146405254;-1.3685034513054237;-1.2837397018617938;0.8084642799930055
1704973091.4970765;inf;0.3653538767977269;-2.8329450446925812;-3.51498181470055;-1.367755420074848;-1.2779916724057927;0.8117319953686772
1704973091.4976482;inf;0.37107987486684285;-2.8295990458208973;-3.514876814735957;-1.3669680187795055;-1.279251514478341;0.8117319953686772
1704973091.4982307;inf;0.36743987609429973;-2.8384290428433028;-3.5183868135523375;-1.3671254990385742;-1.2856294649706157;0.8105508934256633
1704973091.498785;inf;0.36548487675355196;-2.8327980447421512;-3.518367813558745;-1.365905027030793;-1.2851963942581774;0.8116532552391431
1704973091.4994953;inf;0.36727787614892826;-2.8297720457625593;-3.508441816905925;-1.3706294348028487;-1.276298759620806;0.808621760252074
1704973091.5002272;inf;0.36529687681694806;-2.832853044723605;-3.5150638146728976;-1.3642121142458064;-1.2780310424705599;0.8116926253039102
1704973091.5009506;inf;0.36144787811488255;-2.833062044653127;-3.5085548168678202;-1.3696451831836705;-1.272007422561189;0.8118107354982116
1704973092.5243495;inf;0.3556388800737553;-2.8210230487128394;-3.489304823359179;-1.368936522017862;-1.2675192351777362;0.8002753065214426
1704973092.5256314;inf;0.3539028806591578;-2.8241420476610712;-3.49914882003965;-1.3677947901396152;-1.2764168698151077;0.8033461715732787
1704973092.5264554;inf;0.36166587804137007;-2.835335043886641;-3.5086508168354476;-1.3737002998546848;-1.2781491526648614;0.8107477437494991
1704973092.5274322;inf;0.3672458761597191;-2.8341020443024254;-3.5086428168381456;-1.368070380592985;-1.2763774997503405;0.812834357182157
1704973092.5283117;inf;0.3634768774306765;-2.8408150420387113;-3.5213258125612676;-1.3712593558391228;-1.276574350074176;0.8127556170526227
1704973092.529317;inf;0.36154587808183564;-2.83302004466729;-3.5086528168347733;-1.3714562061629583;-1.2751176576777923;0.8149997107443491
1704973092.5301907;inf;0.3615638780757658;-2.830535045505265;-3.5277658103896132;-1.3671648691033411;-1.2813381279109988;0.815905222233993
1704973092.531585;inf;0.3653668767933432;-2.8261860469718063;-3.5306598094137174;-1.3696451831836705;-1.2800782858384505;0.8148816005500477
1704973092.5326526;inf;0.3557228800454294;-2.8384300428429654;-3.52776481038995;-1.3689758920826292;-1.2739365557347782;0.8169682139827056
1704973092.5336888;inf;0.3613908781341037;-2.8375820431289225;-3.5241978115927908;-1.374094000502356;-1.2679523058901747;0.8160233324282944
1704973092.5347757;inf;0.36355787740336226;-2.8362620435740444;-3.5151388146476066;-1.3703144742847115;-1.2806688368099575;0.8149209706148148
1704973092.5355384;inf;0.3674488760912648;-2.831851045061492;-3.5212908125730698;-1.3727554183002735;-1.2835428515379579;0.8138579788661023
1704973092.53636;inf;0.3655048767468077;-2.8305860454880674;-3.505766817807971;-1.3673617194271768;-1.284172772574232;0.8160233324282944
1704973092.5370765;inf;0.3618358779840437;-2.8349450440181543;-3.5092118166462707;-1.3665349480670672;-1.290550723066507;0.813779238736568
1704973092.537869;inf;0.3636928773578384;-2.845351040509111;-3.5088628167639584;-1.374133370567123;-1.2816530884291357;0.8106690036199647
1704973092.538595;inf;0.36751187607002034;-2.8431530412503063;-3.5087578167993656;-1.3735821896603833;-1.2824798597892455;0.8085430201225399
1704973092.5390992;inf;0.3596248787296226;-2.8364720435032296;-3.5023128189727064;-1.372282977523068;-1.272597973532696;0.8118501055629788
1704973092.5396135;inf;0.3599028786358773;-2.838438042840268;-3.5090908166870736;-1.3690940022769305;-1.2870074172374653;0.8106296335551977
1704973092.540114;inf;0.36350187742224616;-2.8362790435683114;-3.5182258136066293;-1.3702751042199444;-1.2786215934420668;0.8149209706148148
1704973092.5407329;inf;0.3616678780406956;-2.8394510424986708;-3.5091348166722365;-1.3639758938572037;-1.2844089929628348;0.8116532552391431
1704973092.5414102;inf;0.36147887810442897;-2.8352690439088972;-3.5211788126108376;-1.3718105367458624;-1.2730704143099016;0.8138973489308695
1704973092.5421407;inf;0.3674928760764274;-2.8429880413059467;-3.512077815679817;-1.3717711666810952;-1.283582221602725;0.8148816005500477
1704973092.5428672;inf;0.3595958787394018;-2.834144044288262;-3.505520817890926;-1.3699601437018074;-1.2736609652814086;0.8128737272469241
1704973092.5435793;inf;0.3558968799867543;-2.8319020450442944;-3.48678982420727;-1.3660625072898616;-1.2788971838954368;0.8044091633219912
1704973092.5443144;inf;0.3543228805175282;-2.833255044588045;-3.480442826347564;-1.3752751024453698;-1.2855507248410816;0.7991335746431958
1704973092.5449703;inf;0.3638188773153495;-2.836536043481648;-3.4992618200015446;-1.3775585662018635;-1.2846452133514374;0.8086611303168413
1704973092.5456028;inf;0.3672658761529749;-2.8340490443202975;-3.4993128199843464;-1.3627947919141898;-1.2794089947374092;0.8064170366251149
1704973092.5461497;inf;0.36743587609564854;-2.8385010428190234;-3.502607818873228;-1.3673223493624096;-1.2835428515379579;0.8106690036199647
1704973092.546841;inf;0.3597428786898314;-2.836366043538974;-3.511917815733771;-1.3721254972639996;-1.2787790737011353;0.8117713654334444
1704973092.5475595;inf;0.3636568773699781;-2.838423042845326;-3.499619819880822;-1.367401089491944;-1.2848026936105061;0.8138579788661023
1704973092.5482738;inf;0.36172287802214886;-2.8353180438923733;-3.5055638178764252;-1.3737002998546848;-1.280196396032752;0.8107477437494991
1704973092.5490499;inf;0.3596988787046688;-2.8407360420653514;-3.518336813569199;-1.3712987259038898;-1.2777948220819573;0.8159445922987603
1704973092.5497544;inf;0.3597968786716219;-2.8386610427650694;-3.5181668136265247;-1.3779128967847676;-1.2777554520171899;0.8170863241770069
1704973092.5503561;inf;0.35593687997326573;-2.840545042129759;-3.524908811353032;-1.369487702924602;-1.2821648992711083;0.8190548274153635
1704973092.5512304;inf;0.35786087932446714;-2.8353380438856295;-3.518100813648781;-1.3772042356189593;-1.2773223813047514;0.8138973489308695
1704973092.5521367;inf;0.3655668767259005;-2.8284630462039715;-3.5181908136184314;-1.3720467571344652;-1.2851570241934103;0.8138579788661023
1704973092.5527964;inf;0.36336287746911883;-2.827262046608965;-3.5087218168115055;-1.3666136881966013;-1.2755900984549977;0.8192910478039662
1704973092.5535002;inf;0.36157487807205646;-2.8262690469438176;-3.518058813662944;-1.371613686422027;-1.2781885227296284;0.8149997107443491
1704973092.5544448;inf;0.35981487866555206;-2.838391042856117;-3.5028268187993783;-1.365590066512656;-1.2849601738695746;0.8106296335551977
1704973092.5556521;inf;0.36539387678423835;-2.837435043178493;-3.5118858157445625;-1.3705900647380815;-1.2770074207866144;0.8160233324282944
1704973092.556715;inf;0.35973187869354073;-2.83848904282307;-3.5183518135641405;-1.3690152621473963;-1.2808656871337931;0.8105902634904306
1704973092.5575893;inf;0.3578638793234555;-2.837311043220307;-3.515311814589269;-1.3688184118235607;-1.2825192298540125;0.8127556170526227
1704973092.5583956;inf;0.36362787737975727;-2.8362040435936025;-3.505832817785715;-1.368621561499725;-1.2837790719265607;0.8149209706148148
1704973092.559272;inf;0.36546787675928455;-2.835054043981398;-3.5120808156788055;-1.3664955780023;-1.2831885209550538;0.8138186088013352
1704973092.560094;inf;0.3581138792391521;-2.837331043213563;-3.4965878209032533;-1.3725191979116707;-1.2886609599576848;0.8160233324282944
1704973092.560783;inf;0.3656878766850976;-2.837266043235482;-3.5091198166772943;-1.3669680187795055;-1.2913381243618498;0.8095272717417181
1704973092.5616136;inf;0.35980287866959865;-2.8386490427691156;-3.5150558146755957;-1.374369590955726;-1.2798026953850805;0.8106690036199647
1704973092.5625799;inf;0.3596178787319831;-2.8407860420484905;-3.5119678157169107;-1.3677947901396152;-1.2757082086492992;0.8095666418064852
1704973092.5634022;inf;0.36732487613307924;-2.838705042750232;-3.492897822147571;-1.3674404595567111;-1.2773223813047514;0.8043697932572241
1704973092.564058;inf;0.35433188051449327;-2.832948044691569;-3.4682668304534747;-1.3664955780023;-1.2907475733903426;0.8022831798245662
1704973092.5646393;inf;0.367564876052148;-2.8318780450523877;-3.496226821024987;-1.3694089627950674;-1.2875979682089724;0.8075587685033616
1704973092.5654213;inf;0.3635738773979668;-2.8363910435305435;-3.4930348221013725;-1.3687396716940263;-1.279566474996478;0.808621760252074
1704973092.5660791;inf;0.357748879362235;-2.826583046837933;-3.505171818008613;-1.375314472510137;-1.2731097843746686;0.8055115251354708
1704973092.5668535;inf;0.3596118787340064;-2.83640404352616;-3.505526817888902;-1.3704325844790128;-1.2736215952166414;0.8118107354982116
1704973092.5675538;inf;0.361679878036649;-2.832922044700337;-3.511985815710841;-1.369566443054136;-1.2822830094654099;0.8117319953686772
1704973092.5682414;inf;0.36938387543875684;-2.833044044659197;-3.499246820006603;-1.371416836098191;-1.2829129305016838;0.8118107354982116
1704973092.5691066;inf;0.3693188754606757;-2.839735042402902;-3.521271812579477;-1.3727160482355065;-1.2808656871337931;0.8116926253039102
1704973092.569922;inf;0.3616268780545214;-2.832866044719221;-3.5308518093489725;-1.3693695927303005;-1.282322379530177;0.8116138851743759
1704973092.5708127;inf;0.3615888780673355;-2.8373290432142375;-3.5183308135712217;-1.3705506946733144;-1.2782672628591627;0.8191729376096648
1704973092.5717654;inf;0.3633988774569792;-2.831817045072958;-3.5275188104729045;-1.3709837653857528;-1.2755507283902308;0.8170469541122398
1704973092.5726705;inf;0.3577468793629094;-2.837297043225028;-3.521537812489778;-1.3687790417587933;-1.278424743118231;0.8159445922987603
1704973092.573659;inf;0.36728987614488173;-2.838520042812616;-3.5213258125612676;-1.3707081749323828;-1.277440491499053;0.8170469541122398
1704973092.5746346;inf;0.36162187805620744;-2.8354200438579777;-3.5085238168782737;-1.3754719527692056;-1.2750389175482582;0.8107871138142663
1704973092.575579;inf;0.36325887750418906;-2.829802045752443;-3.5240208116524774;-1.3723223475878352;-1.2683066364730788;0.8118107354982116
1704973092.5764966;inf;0.35974087869050586;-2.831693045114772;-3.5152458146115255;-1.3675585697510124;-1.282952300566451;0.8138186088013352
1704973092.5775135;inf;0.36728187614757946;-2.8384390428399304;-3.5214288125265347;-1.3653538461240533;-1.280511356550889;0.8105508934256633
1704973092.5781476;inf;0.36153487808554496;-2.835143043951386;-3.5150868146651417;-1.3683066009815879;-1.27720427111045;0.8138579788661023
1704973092.5787106;inf;0.3634008774563047;-2.836381043533916;-3.5211858126084774;-1.3720467571344652;-1.27350348502234;0.8149603406795819
1704973092.579267;inf;0.3638298773116402;-2.836326043552462;-3.5089278167420397;-1.375668803093041;-1.2878341885975753;0.8149603406795819
1704973092.5796914;inf;0.35973187869354073;-2.83848904282307;-3.5183518135641405;-1.3690152621473963;-1.2808656871337931;0.8105902634904306
1704973092.580265;inf;0.361384878136127;-2.8284790461985763;-3.4991908200254866;-1.3652357359297518;-1.2720467926259562;0.8139760890604036
1704973092.580829;inf;0.3634858774276416;-2.8297340457753735;-3.511672815816389;-1.3724010877173694;-1.2764956099446418;0.8118107354982116
1704973092.5812867;inf;0.3617018780292304;-2.8395640424605655;-3.5184328135368257;-1.3674404595567111;-1.2843696228980679;0.8084249099282385
1704973092.5818925;inf;0.3673498761246489;-2.83630004356123;-3.5119078157371435;-1.3685034513054237;-1.2804719864861218;0.8117319953686772
1704973092.582666;inf;0.3617108780261954;-2.8329860446787554;-3.521336812557558;-1.3730310087536435;-1.2822830094654099;0.8117319953686772
1704973092.5833018;inf;0.36739487610947436;-2.8387560427330336;-3.4865968242723526;-1.3692514825359992;-1.2783066329239297;0.8044091633219912
1704973092.5838597;inf;0.3653558767970525;-2.8351480439497;-3.4993658199664743;-1.3630703823675596;-1.2790152940897381;0.8074800283738274
1704973092.5844848;inf;0.36711887620254524;-2.8319370450324923;-3.4959208211281743;-1.3641727441810394;-1.2722042728850245;0.8075981385681287
1704973092.5850723;inf;0.36737787611520695;-2.829778045760536;-3.5084868168907506;-1.3724010877173694;-1.2793696246726423;0.808621760252074
1704973092.5857513;inf;0.3674798760808112;-2.8340220443294024;-3.4931838220511273;-1.3646058148934777;-1.286574346525027;0.8064564066898819
1704973092.586299;inf;0.3637598773352451;-2.8317720450881323;-3.502671818851647;-1.3693695927303005;-1.2888578102815207;0.8107083736847319
1704973093.610379;inf;0.3654408767683893;-2.833113044635929;-3.5054138179270073;-1.371416836098191;-1.2779523023410255;0.808621760252074
1704973093.6115599;inf;0.36552287674073786;-2.8328340447300118;-3.5246108114535217;-1.3712199857743557;-1.2842121426389992;0.8180705757961851
1704973093.6126883;inf;0.3616638780420444;-2.8305410455032423;-3.5278108103744383;-1.368936522017862;-1.2844089929628348;0.815905222233993
1704973093.6138065;inf;0.36161687805789344;-2.8308080454132063;-3.5149098147248288;-1.374408961020493;-1.2771649010456831;0.8160627024930616
1704973093.6148162;inf;0.36539687678322674;-2.8372540432395286;-3.5246608114366604;-1.3668892786499713;-1.2811412775871631;0.815905222233993
1704973093.6160862;inf;0.3615388780841961;-2.83281904473507;-3.5245878114612776;-1.365905027030793;-1.2802751361622864;0.8116532552391431
1704973093.6173906;inf;0.35982387866251714;-2.83429404423768;-3.4991818200285216;-1.377125495489425;-1.2776767118876555;0.8129524673764583
1704973093.6185372;inf;0.3615928780659866;-2.8330920446430103;-3.5117318157964927;-1.3731491189479448;-1.2761019092969705;0.8118107354982116
1704973093.6197157;inf;0.36551287674411;-2.831010045345089;-3.514675814803737;-1.3779128967847676;-1.2779129322762586;0.8097241220655538
1704973093.6209517;inf;0.3653698767923315;-2.837577043130609;-3.5054348179199257;-1.3706294348028487;-1.2748814372891895;0.8096847520007865
1704973093.621861;inf;0.36729087614454453;-2.829840045739629;-3.5052278179897294;-1.3724404577821365;-1.2752357678720936;0.8086611303168413
1704973093.622497;inf;0.3615498780804868;-2.830696045450974;-3.5181538136309083;-1.3690546322121633;-1.2781885227296284;0.8127949871173897
1704973093.62317;inf;0.3633468774745142;-2.838372042862524;-3.5214828125083253;-1.3636215632742996;-1.2766137201389431;0.813779238736568
1704973093.623782;inf;0.36731987613476536;-2.833863044383019;-3.5121108156686893;-1.3626766817198885;-1.2836215916674922;0.8127162469878556
1704973093.6245213;inf;0.36769087600965916;-2.8361980435956258;-3.4933858219830105;-1.368660931564492;-1.2927554466934663;0.8117713654334444
1704973093.625216;inf;0.36724887615870744;-2.8341620442821926;-3.4897528232081068;-1.364684555023012;-1.276298759620806;0.8065351468194162
1704973093.6259081;inf;0.36698387624806905;-2.829675045795269;-3.483303825382796;-1.3602751077690935;-1.2681097861492432;0.8087398704463755
1704973093.626709;inf;0.36541287677783135;-2.8352400439186765;-3.499283819994126;-1.3666136881966013;-1.278975924024971;0.8075193984385944
1704973093.6273148;inf;0.3678188759664959;-2.832055044992701;-3.48045582634318;-1.3766924247769865;-1.2916137148152196;0.807676878697663
1704973093.628022;inf;0.3668458762946045;-2.836049043645871;-3.505673817839332;-1.3526373152042703;-1.269290888092257;0.8116926253039102
1704973093.6285799;inf;0.36732987613139323;-2.8362600435747187;-3.5182298136052803;-1.3648814053468477;-1.2825192298540125;0.805235934682101
1704973093.6292806;inf;0.3712978747933303;-2.8407210420704097;-3.515186814631421;-1.3694483328598346;-1.2854326146467803;0.8127162469878556
1704973093.6298785;inf;0.36556887672522603;-2.8331350446285106;-3.514862814740678;-1.3766530547122193;-1.2810231673928618;0.8118107354982116
1704973093.630639;inf;0.36346487743472305;-2.8339800443435657;-3.524541811476789;-1.366141247419396;-1.2806688368099575;0.8095272717417181
1704973093.631362;inf;0.36361487738414106;-2.840639042098061;-3.5216028124678593;-1.3712199857743557;-1.2827948203073825;0.8190941974801306
1704973093.6319711;inf;0.36546187676130787;-2.837426043181528;-3.5244748114993825;-1.3757869132873426;-1.2780704125353268;0.8224012829205695
1704973093.6327922;inf;0.3653408768021107;-2.8374890431602835;-3.533756808369368;-1.3739365202432874;-1.2749601774187236;0.8159445922987603
1704973093.633517;inf;0.3614828781030801;-2.8464180401493047;-3.5276178104395206;-1.3724798278469037;-1.2720861626907232;0.8148422304852805
1704973093.6340563;inf;0.3635948773908853;-2.840708042074793;-3.530930809322333;-1.3711018755800541;-1.2827554502426155;0.8126768769230884
1704973093.6346087;inf;0.36362787737975727;-2.84059904211155;-3.5153838145649896;-1.3695270729893692;-1.2838184419913279;0.8191335675448976
1704973093.6352394;inf;0.3691918755035018;-2.83948304248788;-3.52464981144037;-1.363779043533368;-1.281968048947273;0.8115745151096088
1704973093.6358812;inf;0.3615658780750914;-2.832847044725628;-3.515154814642212;-1.3660231372250944;-1.2802751361622864;0.8116926253039102
1704973093.6365106;inf;0.35774387936392105;-2.835444043849885;-3.5084958168877156;-1.3773223458132606;-1.271141281136312;0.8140154591251708
1704973093.6372733;inf;0.3669258762676274;-2.822647048165205;-3.499273819997498;-1.3532278661757775;-1.2733460047632714;0.8117713654334444
1704973093.638078;inf;0.3597288786945524;-2.838440042839593;-3.518404813546268;-1.3690152621473963;-1.2809050571985605;0.813779238736568
1704973093.6387937;inf;0.36163287805249805;-2.835440043851234;-3.5053628179442056;-1.3773223458132606;-1.2740152958643127;0.8140154591251708
1704973093.6394842;inf;0.3615688780740797;-2.8351470439500375;-3.5213798125430578;-1.3682278608520537;-1.2792121444135738;0.8106296335551977
1704973093.6401818;inf;0.3595218787643556;-2.8342750442440874;-3.499047820073708;-1.3718105367458624;-1.2685034867969145;0.8129524673764583
1704973093.6407604;inf;0.3636158773838038;-2.831959045025074;-3.505504817896321;-1.3729522686241094;-1.2805900966804233;0.8107477437494991
1704973093.6415079;inf;0.3652718768253784;-2.839871042357041;-3.511614815835947;-1.3711018755800541;-1.270786950553408;0.8085823901873069
1704973093.6422057;inf;0.35800687927523395;-2.8396050424467396;-3.5059298177530054;-1.371141245644821;-1.2855507248410816;0.8117319953686772
1704973093.6429822;inf;0.3599548786183422;-2.8317750450871206;-3.5121218156649796;-1.372873528494575;-1.2880310389214107;0.8138579788661023
1704973093.6436718;inf;0.3577188793723514;-2.8396420424342628;-3.521417812530244;-1.371062505515287;-1.2753145080016277;0.8148816005500477
1704973093.6443937;inf;0.3762148731352519;-2.84525004054317;-3.547454803750218;-1.3240546481833342;-1.2849601738695746;0.8014564084644565
1704973093.645311;inf;0.3596028787370413;-2.8273660465738946;-3.502411818939322;-1.3631097524323268;-1.2787397036363681;0.8032674314437445
1704973093.645984;inf;0.3518478813521314;-2.829835045741315;-3.492748822197816;-1.3691727424064648;-1.2677948256311062;0.805550895200238
1704973093.6466684;inf;0.3813728713959051;-2.8373010432236794;-3.518924813370917;-1.306613709491496;-1.2708656906829423;0.8005115269100453
1704973093.6473756;inf;0.3595968787390646;-2.8385990427859764;-3.4961818210401616;-1.3674798296214783;-1.2736609652814086;0.8107477437494991
1704973093.6481116;inf;0.35966587871579686;-2.8339830443425535;-3.5120438156912828;-1.3627160517846555;-1.2818499387529714;0.8031493212494432
1704973093.6488287;inf;0.3573468794977948;-2.8305600454968354;-3.483636825270504;-1.357046762458189;-1.2661412829108867;0.8161414426225958
1704973093.6495283;inf;0.3616048780619401;-2.8376760430972245;-3.5022368189983344;-1.3760625037407124;-1.2729916741803673;0.8129524673764583
1704973093.6502874;inf;0.35775987935852566;-2.8352220439247464;-3.515050814677282;-1.3718892768753965;-1.2763381296855731;0.8138973489308695
1704973093.6511953;inf;0.3636698773655943;-2.8317730450877954;-3.5183028135806635;-1.3728341584298078;-1.2848026936105061;0.8170469541122398
1704973093.6518595;inf;0.35783287933390906;-2.8417500417234165;-3.5185168135084997;-1.3698026634427387;-1.280511356550889;0.8169682139827056
1704973093.6526506;inf;0.35972587869556405;-2.843004041300551;-3.5340188082810173;-1.3770073852951235;-1.2768105704627788;0.8212595510423226
1704973093.6534672;inf;0.36161787805755624;-2.8284360462130764;-3.5244638115030917;-1.3720467571344652;-1.2802751361622864;0.8170469541122398
1704973093.6543088;inf;0.3615918780663238;-2.837378043197714;-3.518277813589094;-1.3705506946733144;-1.2782278927943955;0.8159839623635273
1704973093.6553137;inf;0.35946787878256514;-2.8362530435770794;-3.5181818136214664;-1.36677116845567;-1.271653091978285;0.8149209706148148
1704973093.6561122;inf;0.3635468774070716;-2.8408660420215135;-3.5150238146863866;-1.3730703788184107;-1.2775586016933542;0.8127949871173897
1704973093.6568284;inf;0.3577918793477348;-2.839632042437635;-3.5120588156862245;-1.3693302226655333;-1.278385373053464;0.8116926253039102
1704973093.6575365;inf;0.36366187736829203;-2.841050041959466;-3.514859814741689;-1.380196360541261;-1.2775192316285873;0.8128737272469241
1704973093.6582513;inf;0.36381587731636117;-2.836258043575393;-3.512141815658236;-1.3738577801137533;-1.2888578102815207;0.8149209706148148
1704973093.659007;inf;0.3635338774114553;-2.8407980420444443;-3.5182388136022458;-1.3712593558391228;-1.2786215934420668;0.8127556170526227
1704973093.6597323;inf;0.35969987870433157;-2.833970044346937;-3.5183398135681867;-1.3680310105282179;-1.2808656871337931;0.8127556170526227
1704973093.6606336;inf;0.3594948787734603;-2.8342470442535292;-3.508480816892774;-1.3717317966163283;-1.2685034867969145;0.8129130973116911
1704973093.661391;inf;0.35960887873501807;-2.834213044264995;-3.5023058189750667;-1.3717711666810952;-1.272597973532696;0.8129130973116911
1704973093.6620784;inf;0.36351787741685077;-2.8363960435288575;-3.5149588147083053;-1.3720861271992324;-1.2775586016933542;0.8117713654334444
1704973093.6626048;inf;0.3615518780798123;-2.8327790447485586;-3.518368813558408;-1.3641727441810394;-1.2812987578462316;0.8116532552391431
1704973093.6632001;inf;0.3615088780943125;-2.8329730446831394;-3.5212468125879073;-1.3695270729893692;-1.2761412793617377;0.8117319953686772
1704973093.6639283;inf;0.36874487565423625;-2.8215610485314184;-3.4960148210964763;-1.3530310158519416;-1.2696845887399284;0.8139760890604036
1704973093.664692;inf;0.36719387617725424;-2.840874042018816;-3.5086168168469127;-1.3677947901396152;-1.2732672646337373;0.8096060118712524
1704973093.665303;inf;0.3775838726736067;-2.8396840424201;-3.5125488155209896;-1.3107869363568116;-1.2679523058901747;0.7995272752908672
1704973093.6661148;inf;0.3670138762379527;-2.829413045883619;-3.4836408252691555;-1.353109755981476;-1.2743302563824497;0.808621760252074
1704973093.6668262;inf;0.3688238756275964;-2.830776045423997;-3.4958308211585236;-1.3603538478986277;-1.266534983558558;0.8097241220655538
1704973093.6675305;inf;0.35973187869354073;-2.831964045023388;-3.4866908242406542;-1.3660231372250944;-1.2797239552555464;0.8012201880758538
1704973093.6680446;inf;0.3634028774556303;-2.8364420435133457;-3.502295818978439;-1.368660931564492;-1.2734247448928058;0.808621760252074
1704973093.6686134;inf;0.3775198726951884;-2.828503046190483;-3.50925081663312;-1.3101176452557703;-1.266889314141462;0.8017713689825936
1704973093.6693094;inf;0.3653888767859244;-2.8420280416296713;-3.5086608168320756;-1.3698026634427387;-1.2759050589731349;0.8074800283738274
1704973093.6700683;inf;0.36349287742528114;-2.843074041276946;-3.5213318125592443;-1.3717317966163283;-1.276574350074176;0.8116926253039102
1704973093.6706283;inf;0.36156687807475413;-2.8395530424642748;-3.5120948156740845;-1.3657475467717246;-1.279251514478341;0.8116926253039102
1704973093.6711967;inf;0.3654458767667033;-2.8442500408803832;-3.5306888094039386;-1.3754325827044385;-1.2769680507218473;0.8127162469878556
1704973093.6718934;inf;0.35804787926140824;-2.8395680424592165;-3.5279508103272286;-1.376259354064548;-1.2866137165897942;0.8180312057314181
1704973094.6952307;inf;0.3617498780130441;-2.8397280424052624;-3.524518811484545;-1.378070377043836;-1.2802357660975192;0.8181099458609523
1704973094.6964383;inf;0.3596928787066921;-2.8363540435430203;-3.5118968157408528;-1.3739365202432874;-1.2757475787140664;0.8181886859904867
1704973094.697406;inf;0.3672968761425212;-2.8363530435433577;-3.5337788083619484;-1.3718499068106296;-1.278424743118231;0.8116532552391431
1704973094.6981142;inf;0.36566987669116746;-2.828300046258937;-3.512172815647782;-1.3667317983909029;-1.292361746045795;0.8106296335551977
1704973094.6988277;inf;0.3634328774455139;-2.8385400428058722;-3.5119148157347833;-1.3672829792976424;-1.276574350074176;0.8106690036199647
1704973094.6995347;inf;0.3617558780110208;-2.8375730431319575;-3.5181348136373156;-1.3758656534168767;-1.2812200177166972;0.8096060118712524
1704973094.700252;inf;0.36531087681222707;-2.832922044700337;-3.511849815756702;-1.3660231372250944;-1.2769680507218473;0.8117319953686772
1704973094.701319;inf;0.3653148768108782;-2.830598045484021;-3.521350812552837;-1.3636215632742996;-1.2800782858384505;0.8095272717417181
1704973094.7023802;inf;0.36143487811926633;-2.832885044712814;-3.5087638167973427;-1.3643302244401079;-1.2751176576777923;0.8117319953686772
1704973094.7031333;inf;0.3637218773480592;-2.838382042859152;-3.512258815618782;-1.3672436092328755;-1.2888971803462876;0.8105902634904306
1704973094.7038403;inf;0.3577468793629094;-2.835154043947677;-3.5182648135934778;-1.3700782538961087;-1.2773617513695186;0.8138579788661023
1704973094.7045512;inf;0.36740787610509057;-2.83391004436717;-3.5183748135563846;-1.366141247419396;-1.2856294649706157;0.8127162469878556
1704973094.7053475;inf;0.36174187801574176;-2.8372870432284003;-3.515339814579827;-1.3669680187795055;-1.2864168662659585;0.8095272717417181
1704973094.7060347;inf;0.36541087677850576;-2.83281904473507;-3.508889816754854;-1.3642514843105735;-1.2821255292063414;0.8116926253039102
1704973094.7070181;inf;0.3614288781212896;-2.8264860468706425;-3.5020518190607186;-1.366416837872766;-1.272912934050833;0.7990548345136615
1704973094.7078903;inf;0.3667118763397911;-2.829393045890363;-3.4835058253146793;-1.3478341673026806;-1.2651570312917084;0.808621760252074
1704973094.7085884;inf;0.3673078761388119;-2.836445043512334;-3.4928908221499313;-1.3669286487147383;-1.2773223813047514;0.8054327850059366
1704973094.709399;inf;0.3673148761364514;-2.838564042797779;-3.5118908157428765;-1.3654325862535874;-1.2804326164213546;0.8042123129981555
1704973094.7101398;inf;0.3653668767933432;-2.833026044665267;-3.492930822136443;-1.36621998754893;-1.27692868065708;0.8086611303168413
1704973094.7109673;inf;0.3657268766719463;-2.830873045391287;-3.505541817883844;-1.376219983999781;-1.287164897496534;0.8096847520007865
1704973094.7116466;inf;0.3634008774563047;-2.8318780450523877;-3.5086288168428665;-1.3675979398157796;-1.2755113583254636;0.8107083736847319
1704973094.7123055;inf;0.3636158773838038;-2.836462043506602;-3.518061813661932;-1.3774010859427948;-1.2785822233772997;0.8149603406795819
1704973094.7128634;inf;0.3616528780457538;-2.8350370439871306;-3.524691811426207;-1.3681884907872865;-1.2833853712788896;0.813779238736568
1704973094.7134717;inf;0.3674048761061022;-2.8319370450324923;-3.521163812615896;-1.3745270712147943;-1.2804326164213546;0.8138973489308695
1704973094.714254;inf;0.36721987616848667;-2.8360960436300218;-3.5371808072147486;-1.3664955780023;-1.279566474996478;0.8179524656018837
1704973094.7149005;inf;0.36190487796077603;-2.830542045502905;-3.512248815622154;-1.3708262851266841;-1.2915743447504524;0.8159839623635273
1704973094.7156053;inf;0.3672188761688239;-2.8383600428665705;-3.524621811449812;-1.3653538461240533;-1.2785034832477655;0.8169682139827056
1704973094.7161717;inf;0.36924987548394345;-2.8351680439429554;-3.5338528083369947;-1.3698026634427387;-1.2819286788825057;0.8105508934256633
1704973094.7168775;inf;0.36143587811892913;-2.830622045475928;-3.521322812562279;-1.3654719563183546;-1.2761806494265047;0.8127556170526227
1704973094.7174916;inf;0.3672478761590447;-2.8294660458657463;-3.530754809381682;-1.3668499085852042;-1.280511356550889;0.8148422304852805
1704973094.718115;inf;0.3673158761361142;-2.8384390428399304;-3.5088878167555277;-1.3672829792976424;-1.2794877348669436;0.8170469541122398
1704973094.7187636;inf;0.3654878767525403;-2.832847044725628;-3.5183148135766174;-1.365905027030793;-1.2851963942581774;0.8084642799930055
1704973094.7193315;inf;0.36159787806430055;-2.8374750431650044;-3.5181728136245014;-1.370511324608547;-1.2781885227296284;0.8095666418064852
1704973094.7199225;inf;0.36720687617287046;-2.8340060443347976;-3.521289812573407;-1.366141247419396;-1.277440491499053;0.8127556170526227
1704973094.7204752;inf;0.36152087809026595;-2.8353050438967577;-3.5054738179067746;-1.3701963640904102;-1.27405466592908;0.8107477437494991
1704973094.721043;inf;0.3577058793767352;-2.8374310431798415;-3.5213588125501394;-1.3705506946733144;-1.2753145080016277;0.8127556170526227
1704973094.7218113;inf;0.36546087676164507;-2.8374430431757953;-3.5244728115000568;-1.3704325844790128;-1.2810625374576288;0.8095272717417181
1704973094.722868;inf;0.3654858767532147;-2.830764045428044;-3.518099813649118;-1.37074754499715;-1.2820861591415742;0.8096060118712524
1704973094.7236865;inf;0.36188087796886914;-2.8328260447327094;-3.5090708166938183;-1.369566443054136;-1.2905113530017398;0.8116926253039102
1704973094.724347;inf;0.3655278767390518;-2.8327130447708146;-3.518494813515919;-1.3641333741162722;-1.2883066293747807;0.8116138851743759
1704973094.7248871;inf;0.3615658780750914;-2.8329560446888715;-3.5181598136288854;-1.3695270729893692;-1.2781885227296284;0.8117319953686772
1704973094.7254825;inf;0.37101987488707566;-2.827425046553999;-3.5147438147808066;-1.368267230916821;-1.2761806494265047;0.8128737272469241
1704973094.7261808;inf;0.36538687678659887;-2.8352120439281183;-3.508716816813192;-1.3665349480670672;-1.2790152940897381;0.8074800283738274
1704973094.726919;inf;0.35948887877548363;-2.8276290464852076;-3.495758821182803;-1.36677116845567;-1.2704326199705038;0.8001965663919084
1704973094.7276826;inf;0.3658348766355273;-2.846327040179991;-3.4777878272428655;-1.3657081767069574;-1.293306627600206;0.8021256995654977
1704973094.7283254;inf;0.36346087743607197;-2.834052044319286;-3.50876281679768;-1.3662987276784642;-1.2785822233772997;0.8096060118712524
1704973094.7288737;inf;0.36728987614488173;-2.831995045012934;-3.489663823238119;-1.367755420074848;-1.276298759620806;0.8076375086328959
1704973094.7296085;inf;0.36756187605315965;-2.8296870457912227;-3.4930068221108144;-1.37074754499715;-1.2865349764602598;0.8086611303168413
1704973094.7304091;inf;0.3559258799769751;-2.8296540458023505;-3.508751816801389;-1.3707081749323828;-1.2799601756441492;0.8085823901873069
1704973094.7313108;inf;0.36549787674916817;-2.835457043845501;-3.511609815837633;-1.3772042356189593;-1.2768893105923131;0.8107477437494991
1704973094.7321336;inf;0.35993787862407484;-2.829297045922736;-3.5061058176936557;-1.365314476059286;-1.2922042657867265;0.8148816005500477
1704973094.7328756;inf;0.3578028793440255;-2.839761042394134;-3.5119028157388295;-1.3747239215386302;-1.2752751379368608;0.8149603406795819
1704973094.7335682;inf;0.36365887736930363;-2.840771042053549;-3.527739810398381;-1.3764955744531508;-1.28173182855867;0.8191335675448976
1704973094.7343128;inf;0.36747687608182283;-2.838356042867919;-3.521624812460441;-1.368897151953095;-1.2866924567193283;0.8169682139827056
1704973094.7351441;inf;0.35981487866555206;-2.8317810450850973;-3.52772881040209;-1.3727554183002735;-1.2839365521856292;0.8138186088013352
1704973094.7358088;inf;0.3579628792900713;-2.8328630447202325;-3.5246948114251957;-1.3730310087536435;-1.2855900949058487;0.8148816005500477
1704973094.7365508;inf;0.36918987550417626;-2.835137043953409;-3.536992807278145;-1.3697632933779718;-1.279920805579382;0.8137398686718009
1704973094.7374418;inf;0.35399888062678536;-2.8351400439523977;-3.5246278114477887;-1.3735821896603833;-1.2785822233772997;0.8170469541122398
1704973094.73829;inf;0.36156087807677745;-2.841942041658672;-3.524485811495673;-1.3696845532484374;-1.2771649010456831;0.807361918179526
1704973094.7390087;inf;0.3653388768027851;-2.8260620470136213;-3.5182508135981987;-1.3626766817198885;-1.2821255292063414;0.8116926253039102
1704973094.7396724;inf;0.3595418787576113;-2.8338710443803214;-3.51837681355571;-1.3626766817198885;-1.2778341921467242;0.8127162469878556
1704973094.7404597;inf;0.3653808767886222;-2.8304920455197657;-3.512097815673073;-1.361928650489313;-1.2831885209550538;0.8127556170526227
1704973094.741189;inf;0.36159487806531215;-2.837318043217947;-3.5152208146199553;-1.3670073888442726;-1.2802751361622864;0.8127556170526227
1704973094.7421145;inf;0.36351587741752517;-2.832062044990341;-3.508464816898169;-1.3747239215386302;-1.2754719882606964;0.8107871138142663
1704973094.7431412;inf;0.3654038767808662;-2.835099043966223;-3.5182768135894316;-1.364645184958245;-1.2821255292063414;0.807401288244293
1704973094.7439744;inf;0.36162287805587023;-2.832830044731361;-3.5120678156831895;-1.3660231372250944;-1.282322379530177;0.8116926253039102
1704973094.744601;inf;0.3597438786894942;-2.8341020443024254;-3.5244758114990455;-1.373267229142246;-1.2798026953850805;0.8127556170526227
1704973094.7452042;inf;0.3596378787252389;-2.838345042871629;-3.5121938156407007;-1.3655506964478887;-1.2788971838954368;0.8170075840474728
1704973094.7458978;inf;0.36348887742662994;-2.8319250450365385;-3.514892814730562;-1.3711018755800541;-1.2775586016933542;0.8107083736847319
1704973094.7464662;inf;0.36158187806969594;-2.8287990460906682;-3.48950982329005;-1.3705900647380815;-1.2749601774187236;0.801298928205388
1704973094.7470806;inf;0.35958887874176226;-2.829670045796955;-3.4960718210772557;-1.3636609333390668;-1.2766530902037103;0.802243809759799
1704973094.7476742;inf;0.36734087612768385;-2.8409640419884665;-3.4929038221455473;-1.3679129003339165;-1.2773223813047514;0.8032674314437445
1704973094.748333;inf;0.35591287998135884;-2.8253010472702407;-3.5054188179253214;-1.3714955762277254;-1.2788578138306697;0.8044091633219912
1704973094.749107;inf;0.3758298732650791;-2.835991043665429;-3.509882816420001;-1.3046845763179065;-1.2788971838954368;0.8026375104074704
1704973094.7497888;inf;0.361679878036649;-2.832922044700337;-3.511985815710841;-1.369566443054136;-1.2822830094654099;0.8117319953686772
1704973094.7503953;inf;0.36344187744247897;-2.829493045856642;-3.502530818899194;-1.3635821932095322;-1.2796452151260123;0.8117713654334444
1704973094.7510333;inf;0.36178887799989273;-2.8351030439648746;-3.493305822009988;-1.3685034513054237;-1.285393244582013;0.8139367189956366
1704973094.751673;inf;0.3596568787188318;-2.8340550443182746;-3.518212813611013;-1.3698026634427387;-1.2777948220819573;0.8127949871173897
1704973094.752369;inf;0.36746487608586936;-2.834002044336146;-3.518292813584036;-1.3697239233132046;-1.2856294649706157;0.8127556170526227
1704973094.7529764;inf;0.3576168794067472;-2.8329290446979765;-3.5244328115135453;-1.3695270729893692;-1.2732672646337373;0.8149209706148148
1704973094.753853;inf;0.3577928793473976;-2.8372600432375052;-3.5216128124644874;-1.3669680187795055;-1.2814956081700672;0.8127162469878556
1704973094.754723;inf;0.3598088786675753;-2.8427970413703547;-3.515489814529245;-1.3700388838313415;-1.2829916706312183;0.8212595510423226
1704973095.7783508;inf;0.3616748780383351;-2.828757046104831;-3.51155481585618;-1.3792908490516171;-1.2760625392322034;0.8140154591251708
1704973095.779569;inf;0.3691418755203625;-2.835186043936886;-3.518081813655188;-1.3682278608520537;-1.2768105704627788;0.8138579788661023
1704973095.7806923;inf;0.3653808767886222;-2.8330820446463827;-3.5085538168681576;-1.3713774660334241;-1.2759050589731349;0.8118107354982116
1704973095.7815247;inf;0.3654298767720987;-2.8374880431606204;-3.5181268136400132;-1.370511324608547;-1.2790152940897381;0.8095666418064852
1704973095.7825134;inf;0.367564876052148;-2.833900044370542;-3.5153328145821874;-1.3679522703986837;-1.2907475733903426;0.8127162469878556
1704973095.7834804;inf;0.3635398774094321;-2.8408950420117343;-3.51813281363799;-1.3712593558391228;-1.2785428533125325;0.8063776665603477
1704973095.7845755;inf;0.3636578773696409;-2.8274190465560225;-3.514969814704596;-1.3736215597251502;-1.2837003317970266;0.812834357182157
1704973095.7858653;inf;0.37571087330520747;-2.8340030443358093;-3.518899813379347;-1.313031030048538;-1.269605848610394;0.8070075875966217
1704973095.7868292;inf;0.36365487737065255;-2.836450043510648;-3.502409818939997;-1.3757869132873426;-1.279605845061245;0.8150390808091161
1704973095.7879596;inf;0.3636048773875132;-2.8388150427131382;-3.5116688158177376;-1.3779522668495348;-1.2764956099446418;0.8107477437494991
1704973095.789002;inf;0.35796187929040857;-2.824086047679955;-3.486754824219073;-1.3678341602043824;-1.2854326146467803;0.8033461715732787
1704973095.789842;inf;0.36165087804642826;-2.837313043219633;-3.493296822013023;-1.3636609333390668;-1.2822830094654099;0.8096060118712524
1704973095.7905705;inf;0.365456876762994;-2.835373043873827;-3.505419817924984;-1.3718892768753965;-1.2779129322762586;0.8075587685033616
1704973095.791227;inf;0.36546987675861015;-2.8353320438876524;-3.4992008200221143;-1.3701963640904102;-1.278975924024971;0.8075587685033616
1704973095.7919567;inf;0.36738987611116036;-2.834023044329065;-3.508814816780145;-1.3680310105282179;-1.2825192298540125;0.8127949871173897
1704973095.79273;inf;0.3672768761492655;-2.8340570443176;-3.5149888146981887;-1.367991640463451;-1.278424743118231;0.8127949871173897
1704973095.7936175;inf;0.37102087488673846;-2.8363830435332416;-3.5179618136956536;-1.3702357341551774;-1.274133406058614;0.8149603406795819
1704973095.794218;inf;0.3558808799921497;-2.836168043605742;-3.5184448135327795;-1.3685428213701907;-1.2800782858384505;0.8148816005500477
1704973095.794916;inf;0.3652438768348204;-2.8375310431461207;-3.5336598084020774;-1.3721648673287665;-1.2718499423021203;0.8127556170526227
1704973095.7954783;inf;0.36150487809566134;-2.837210043254366;-3.5278458103626362;-1.3668892786499713;-1.2783066329239297;0.8190941974801306
1704973095.796185;inf;0.36336287746911883;-2.831770045088807;-3.540112806226039;-1.3690546322121633;-1.2766137201389431;0.8137398686718009
1704973095.796909;inf;0.35968087871073867;-2.8317710450884697;-3.521390812539349;-1.371062505515287;-1.2788184437659025;0.8170469541122398
1704973095.7975574;inf;0.36362487738076893;-2.840555042126387;-3.5342718081957023;-1.3675191996862455;-1.286889307043164;0.8125981367935541
1704973095.798139;inf;0.35942787879605365;-2.8361570436094516;-3.5308288093567284;-1.3648814053468477;-1.2727160837269973;0.8148422304852805
1704973095.798894;inf;0.3636438773743619;-2.831854045060481;-3.5307408093864034;-1.376259354064548;-1.2827160801778483;0.8170469541122398
1704973095.7995791;inf;0.36728987614488173;-2.8341250442946695;-3.511774815781993;-1.3698026634427387;-1.2774011214342857;0.812834357182157
1704973095.8002973;inf;0.3654428767677149;-2.828368046236007;-3.5245208114838706;-1.3666530582613685;-1.284172772574232;0.8105902634904306
1704973095.8009675;inf;0.3577468793629094;-2.835154043947677;-3.5182648135934778;-1.3700782538961087;-1.2773617513695186;0.8138579788661023
1704973095.801586;inf;0.36926087548023406;-2.8284340462137507;-3.5118578157540044;-1.3649601454763818;-1.2839365521856292;0.8074406583090601
1704973095.8022687;inf;0.3616188780572191;-2.835154043947677;-3.502566818887054;-1.3684247111758892;-1.2792121444135738;0.8138973489308695
1704973095.8029506;inf;0.3634018774559675;-2.8295050458525957;-3.518182813621129;-1.3651963658649846;-1.2786215934420668;0.8116926253039102
1704973095.803495;inf;0.36178287800191605;-2.835011043995898;-3.5122458156231655;-1.3664955780023;-1.2884641096338492;0.8105902634904306
1704973095.8042307;inf;0.36354987740605993;-2.831727045103307;-3.5245798114639753;-1.367401089491944;-1.2837397018617938;0.8105902634904306
1704973095.8049817;inf;0.36150487809566134;-2.8330450446588595;-3.5054678179087984;-1.3696845532484374;-1.27405466592908;0.8118107354982116
1704973095.805705;inf;0.35963987872456443;-2.8341680442801693;-3.5086518168351106;-1.371692426551561;-1.274684586965354;0.8128737272469241
1704973095.80628;inf;0.3576898793821306;-2.835171043941944;-3.5213518125524996;-1.3700388838313415;-1.2753145080016277;0.8138579788661023
1704973095.8071332;inf;0.36154587808183564;-2.830878045389601;-3.50537881793881;-1.3727554183002735;-1.27405466592908;0.8129524673764583
1704973095.8076587;inf;0.3635758773972924;-2.831863045057446;-3.518151813631583;-1.3710231354505198;-1.2816530884291357;0.8106690036199647
1704973095.808238;inf;0.3597098787009595;-2.8253220472631595;-3.4802438264146693;-1.3681884907872865;-1.2776373418228886;0.8045272735162926
1704973095.808796;inf;0.36760787603764783;-2.834383044207668;-3.4928098221772457;-1.3770861254246578;-1.2834247413436566;0.8065745168841832
1704973095.809624;inf;0.3654508767650172;-2.83088104538859;-3.4959748211099653;-1.3710231354505198;-1.2779129322762586;0.8097634921303208
1704973095.8102877;inf;0.36686987628651135;-2.829383045893735;-3.480463826340482;-1.3496058202172014;-1.2702751397114354;0.808621760252074
1704973095.810988;inf;0.36740887610475337;-2.8408460420282577;-3.5024878189136937;-1.3696058131189033;-1.2804326164213546;0.8096060118712524
1704973095.8116732;inf;0.3637738773305241;-2.8319490450284452;-3.5024628189221243;-1.3747239215386302;-1.28570820510015;0.8107477437494991
1704973095.8122294;inf;0.3635188774165135;-2.834253044251506;-3.5116858158120046;-1.3733853393365476;-1.2764956099446418;0.8096847520007865
1704973095.8127856;inf;0.365348876799413;-2.8285630461702502;-3.508540816872541;-1.3703932144142457;-1.2759444290379018;0.8139760890604036
1704973095.8135562;inf;0.36159787806430055;-2.8374750431650044;-3.5181728136245014;-1.370511324608547;-1.2781885227296284;0.8095666418064852
1704973095.8140764;inf;0.36502587690833294;-2.8328980447084304;-3.524279811565139;-1.3623617212017514;-1.2688184473150517;0.8116926253039102
1704973095.8146608;inf;0.36361887738279225;-2.8361720436043933;-3.5278308103676945;-1.3701569940256428;-1.2848026936105061;0.8148028604205134
1704973095.8153;inf;0.36542787677277316;-2.835175043940595;-3.5307378093874147;-1.371653056486794;-1.2800782858384505;0.813779238736568
1704973095.816051;inf;0.363572877398304;-2.834066044314565;-3.524482811496685;-1.373267229142246;-1.2806688368099575;0.8159839623635273
1704973095.8167717;inf;0.36726787615230044;-2.8340250443283903;-3.5369868072801682;-1.3695270729893692;-1.2794877348669436;0.8126768769230884
1704973095.8174787;inf;0.355841880005301;-2.834033044325693;-3.5119888157098296;-1.373503449530849;-1.2749208073539566;0.8224800230501036
1704973095.818155;inf;0.36161787805755624;-2.8396570424292045;-3.515123814652665;-1.372873528494575;-1.27720427111045;0.8181493159257194
1704973095.818859;inf;0.3522458812179205;-2.8383830428588146;-3.5060748177041092;-1.3709837653857528;-1.2843302528333005;0.8170469541122398
1704973095.8196826;inf;0.35953187876098347;-2.836212043590905;-3.530820809359426;-1.3666136881966013;-1.2757475787140664;0.8116138851743759
1704973095.8205829;inf;0.3636708773652571;-2.8272700466062672;-3.5057468178147158;-1.3683853411111222;-1.2868105669136298;0.812834357182157
1704973095.8212707;inf;0.36152087809026595;-2.8353050438967577;-3.5054738179067746;-1.3701963640904102;-1.27405466592908;0.8107477437494991
1704973095.8219867;inf;0.3692548754822573;-2.8261940469691087;-3.5086898168222964;-1.3662987276784642;-1.282952300566451;0.8117713654334444
1704973095.8226817;inf;0.3595848787431111;-2.8362670435723585;-3.5119548157212943;-1.366810538520437;-1.2757475787140664;0.8117319953686772
1704973095.82346;inf;0.36732487613307924;-2.8295050458525957;-3.5213428125555346;-1.3651176257354505;-1.2835428515379579;0.8084642799930055
1704973095.8243203;inf;0.3636218773817806;-2.8365590434738914;-3.517955813697677;-1.3773617158780276;-1.2785034832477655;0.8085823901873069
1704973095.8253055;inf;0.3618258779874159;-2.837407043187935;-3.5058248177884126;-1.3706294348028487;-1.2863774962011911;0.8096060118712524
1704973095.8259919;inf;0.3614938780993708;-2.835059043979712;-3.5088978167521563;-1.3630310123027927;-1.2782278927943955;0.8106296335551977
1704973095.8265173;inf;0.3653548767973897;-2.8308020454152296;-3.5117088158042487;-1.3690940022769305;-1.27692868065708;0.8096453819360194
1704973095.8270812;inf;0.36554487673331915;-2.8376710430989105;-3.5179618136956536;-1.3775979362666306;-1.2789365539602038;0.8096453819360194
1704973095.8277888;inf;0.3672368761627541;-2.829458045868444;-3.51507881466784;-1.361653060035943;-1.2815349782348342;0.8084642799930055
1704973095.8284981;inf;0.35948287877750695;-2.8253900472402282;-3.492591822250758;-1.368070380592985;-1.2694483683513256;0.8044879034515254
1704973095.8290806;inf;0.3617808780025905;-2.824140047661745;-3.492927822137454;-1.3695270729893692;-1.2852357643229446;0.8033461715732787
1704973095.829714;inf;0.36753687606159;-2.83422204426196;-3.4961068210654527;-1.371692426551561;-1.2844877330923692;0.8064957767546491
1704973095.8304217;inf;0.36347987742966487;-2.8409840419817227;-3.505440817917903;-1.371416836098191;-1.274448366576751;0.8064564066898819
1704973095.831118;inf;0.37128287479838856;-2.8340670443142275;-3.5056288178545065;-1.3680310105282179;-1.285393244582013;0.8096060118712524
1704973095.831685;inf;0.35959487873973905;-2.8340360443246815;-3.502515818904252;-1.366416837872766;-1.2757475787140664;0.8128737272469241
1704973095.8323083;inf;0.3635048774212345;-2.8341840442747737;-3.514899814728201;-1.3715743163572598;-1.2775586016933542;0.8096453819360194
1704973095.8330545;inf;0.3711228748523427;-2.831995045012934;-3.5084548169015415;-1.3711018755800541;-1.2771649010456831;0.8107477437494991
1704973095.833698;inf;0.3635188774165135;-2.8316630451248885;-3.5152288146172577;-1.3639365237924364;-1.2837790719265607;0.8105902634904306
1704973095.8346014;inf;0.36565587669588845;-2.8327470447593495;-3.5091068166816783;-1.3659837671603272;-1.2913774944266168;0.8116532552391431
1704973095.8354328;inf;0.36717887618231243;-2.827272046605593;-3.5337828083605998;-1.3662987276784642;-1.2784641131829984;0.8127162469878556
1704973095.8362315;inf;0.361379878137813;-2.839488042486194;-3.5246228114494746;-1.3638971537276694;-1.2741727761233812;0.8148028604205134
1704973095.8369744;inf;0.37125287480850494;-2.836352043543695;-3.524397811525348;-1.3737002998546848;-1.2823617495949442;0.8148816005500477
1704973095.8375263;inf;0.3654508767650172;-2.832686044779919;-3.5090698166941556;-1.3624798313960527;-1.2852751343877116;0.8148816005500477
1704973095.8382525;inf;0.3596378787252389;-2.827232046619081;-3.5245388114778007;-1.3682278608520537;-1.279881435514615;0.8159839623635273
1704973096.8621368;inf;0.3614518781135337;-2.8372750432324474;-3.5308808093391932;-1.3668499085852042;-1.2762200194912718;0.8158658521692259
